Product Name,Product Price,Product Rating
Price and other details may vary based on product size and colour.,N/A,N/A
Square Polarized Metal Frame,"₹1,169",4.2 out of 5 stars
VELOCITY Polycarbonate Rectangular Blue,₹999,N/A
Velocity Polarized Retro Square Brown,₹999,N/A
VELOCITY Sports Stylish Brown,"₹2,750",N/A
Men's 100% UV protected Black Lens Square,₹699,4.0 out of 5 stars
UV protection Ultra Lightweight Rectangular Polarized,"₹1,439",4.5 out of 5 stars
Retro Square Light Weight Uv Protection,₹320,4.1 out of 5 stars
Vintage Square Cat Eye,₹499,4.6 out of 5 stars
Unisex Adult Square Polarization,₹678,4.0 out of 5 stars
ATHLEISURE By Lenskart | Full Rim Square Branded Latest and Stylish,₹499,4.0 out of 5 stars
Unisex Adult Rectangular Polarization,₹299,3.7 out of 5 stars
Unisex Round Non-Polarization,₹295,3.3 out of 5 stars
Polarized,₹499,3.9 out of 5 stars
Men's 100% UV protected Green Lens Square,₹599,3.9 out of 5 stars
Premium Square Polarized,₹599,4.3 out of 5 stars
Premium Square Polarized,₹599,4.3 out of 5 stars
Premium Wrap Around Polarized,₹499,4.2 out of 5 stars
"Retro Designer TAC Polarized Sunglassses | 100% UV Protection, Light Weight, TR90 Goggles | Anti Glare, Bike Riding, Car Driving, Stylish Fashion Glasses | Men And Women",₹649,4.4 out of 5 stars
CX-RR Original Polarized,₹649,4.7 out of 5 stars
Unisex Wayfarer Non-Polarization,₹399,4.2 out of 5 stars
Unisex Adult Square Polarization,₹771,4.1 out of 5 stars
Unisex Adult Wayfarer Polarization & UV Protected,₹649,4.1 out of 5 stars
Unisex Adult Round Polarization,₹678,4.3 out of 5 stars
Unisex Rectangular Non-Polarization,₹265,3.6 out of 5 stars
Men's 100% UV protected Sporty,₹707,3.9 out of 5 stars
UV Protected Pilot Men,₹640,3.9 out of 5 stars
Vincent Chase By Lenskart | Black Blue Full Rim Hexagonal | Aerodynamics | Branded Latest and Stylish,"₹1,199",N/A
Premium Square Polarized,₹599,4.3 out of 5 stars
Customized Name,N/A,5.0 out of 5 stars
Unisex Aviator Non-Polarization,₹348,3.3 out of 5 stars
Unisex Adult Square Polarization,₹679,4.0 out of 5 stars
Unisex Adult Square Polarization,₹883,4.2 out of 5 stars
UV Protected Black Frame Unisex,₹289,4.1 out of 5 stars
Men's 100% UV protected Square,₹749,4.1 out of 5 stars
Men's 100% UV protected Square,₹709,4.0 out of 5 stars
UV Protected Aviator Unisex,₹375,3.7 out of 5 stars
Unisex Adult Wayfarer,₹549,4.3 out of 5 stars
| Full Rim Hexagonal Branded Latest and Stylish,₹949,4.4 out of 5 stars
Unisex Adult Square Polarization,₹699,3.8 out of 5 stars
By Lenskart | Full Rim Hexagonal Branded Latest and Stylish,₹883,4.0 out of 5 stars
Vincent Chase By Lenskart | Havana Full Rim Square Branded Latest and Stylish,₹569,3.9 out of 5 stars
Men's 100% UV protected Green Lens Aviator,₹975,3.9 out of 5 stars
Brown Women,₹549,4.0 out of 5 stars
By Lenskart | Full Rim Wayfarer Branded Latest and Stylish,₹864,4.0 out of 5 stars
Trendy,₹249,4.4 out of 5 stars
Vintage Square Cat Eye,₹499,4.6 out of 5 stars
Men's Polarized Green Lens Square,"₹1,209",4.1 out of 5 stars
By Lenskart | Havana Full Rim Round Branded Latest and Stylish,₹759,4.1 out of 5 stars
Unisex Adult Aviator Polarization,₹854,3.9 out of 5 stars
| Full Rim Square Branded Latest and Stylish,₹883,3.8 out of 5 stars
mc stan googles Rimless Men and Womens,₹449,4.0 out of 5 stars
Men,"₹1,615",4.1 out of 5 stars
Retro Square Dark Black Light Weight Uv Protection,₹249,5.0 out of 5 stars
Unisex,"₹1,658",3.8 out of 5 stars
Women's Gradient Brown Lens Bugeye,₹929,4.2 out of 5 stars
Men Rectangular,"₹3,988",3.8 out of 5 stars
Men's 100% UV protected Brown Lens Square,₹719,4.0 out of 5 stars
Aviator and Rectangular Unisex,₹199,2.7 out of 5 stars
Men,₹719,3.8 out of 5 stars
Men's 100% UV protected Square,₹539,4.0 out of 5 stars
UV400 Protection Cat-Eye Retro,₹399,3.6 out of 5 stars
Men's 100% UV protected Square,₹679,3.9 out of 5 stars
Unisex Rectangular Non-Polarization,₹265,3.6 out of 5 stars
Gradient Square Unisex,₹949,4.1 out of 5 stars
Vincent Chase By Lenskart | Havana Full Rim Square Branded Latest and Stylish,₹569,3.9 out of 5 stars
Original Polarized,₹495,3.6 out of 5 stars
Square Polarized Metal Frame,"₹1,169",4.2 out of 5 stars
Square Polarized Metal Frame,"₹1,169",4.2 out of 5 stars
Square Polarized,"₹1,169",4.2 out of 5 stars
Men's HD Polarized,"₹1,709",4.5 out of 5 stars
OKNO | Victory Lanes | Polarized,"₹1,899",4.0 out of 5 stars
l Polarized,"₹1,994",4.4 out of 5 stars
